Designator,Val,Package,Mid X,Mid Y,Rotation,Layer
C1,1 uF,C_1206_3216Metric_Pad1.33x1.80mm_HandSolder,139.7,-87.9225,90.0,top
C10,10 uF,C_1206_3216Metric_Pad1.33x1.80mm_HandSolder,160.02,-96.52,-90.0,top
C11,1 uF,C_1206_3216Metric_Pad1.33x1.80mm_HandSolder,154.94,-96.52,-90.0,top
C12,1 uF,C_1206_3216Metric_Pad1.33x1.80mm_HandSolder,149.86,-96.52,-90.0,top
C13,10 uF,C_1206_3216Metric_Pad1.33x1.80mm_HandSolder,144.78,-96.52,-90.0,top
C14,2.2 uF,C_0402_1005Metric_Pad0.74x0.62mm_HandSolder,160.02,-82.76,90.0,top
C15,100 nF,C_0402_1005Metric_Pad0.74x0.62mm_HandSolder,162.56,-82.76,90.0,top
C16,10 uF,C_1206_3216Metric_Pad1.33x1.80mm_HandSolder,139.7,-96.52,-90.0,top
C2,1 uF,C_1206_3216Metric_Pad1.33x1.80mm_HandSolder,144.78,-87.9225,90.0,top
C3,4.7 uF,C_0402_1005Metric_Pad0.74x0.62mm_HandSolder,149.86,-82.76,90.0,top
C4,1 uF,C_1206_3216Metric_Pad1.33x1.80mm_HandSolder,149.86,-87.9225,90.0,top
C5,2.2 uF,C_0402_1005Metric_Pad0.74x0.62mm_HandSolder,152.4,-82.76,90.0,top
C6,10 uF,C_1206_3216Metric_Pad1.33x1.80mm_HandSolder,154.94,-87.9225,90.0,top
C7,2.2 uF,C_0402_1005Metric_Pad0.74x0.62mm_HandSolder,154.94,-82.76,90.0,top
C8,1 uF,C_1206_3216Metric_Pad1.33x1.80mm_HandSolder,160.02,-87.9225,90.0,top
C9,100 nF,C_0402_1005Metric_Pad0.74x0.62mm_HandSolder,157.48,-82.76,90.0,top
IC1,INA219AIDCNR,SOP65P280X145-8N,160.575,-71.57,180.0,top
IC2,TPS61240DRVR,SON65P200X200X80-7N,155.99,-71.77,180.0,top
IC3,AP2127K-3.3TRG1,SOT95P282X145-5N,167.945,-65.723,90.0,top
J1,Conn_02x16_Odd_Even,PinSocket_2x16_P2.54mm_Vertical,146.05,-105.41,90.0,top
J2,Conn_02x01,JST_EH_S2B-EH_1x02_P2.50mm_Horizontal,146.03,-61.385,0.0,top
L1,1 uH,L_0603_1608Metric,151.67,-72.59,180.0,top
R1,10k,R_0603_1608Metric_Pad0.98x0.95mm_HandSolder,129.57,-66.04,90.0,top
R10,10k,R_0603_1608Metric_Pad0.98x0.95mm_HandSolder,134.62,-87.9875,90.0,top
R11,10k,R_0603_1608Metric_Pad0.98x0.95mm_HandSolder,134.62,-82.1925,90.0,top
R12,0.2 R,R_2512_6332Metric_Pad1.40x3.35mm_HandSolder,139.51,-73.66,90.0,top
R13,0.2 R,R_2512_6332Metric_Pad1.40x3.35mm_HandSolder,147.13,-73.66,90.0,top
R14,10k,R_0603_1608Metric_Pad0.98x0.95mm_HandSolder,139.7,-82.1925,90.0,top
R15,10k,R_0603_1608Metric_Pad0.98x0.95mm_HandSolder,144.78,-82.1925,90.0,top
R16,10k,R_0603_1608Metric_Pad0.98x0.95mm_HandSolder,176.1725,-101.6,180.0,top
R17,10k,R_0603_1608Metric_Pad0.98x0.95mm_HandSolder,176.1725,-96.52,180.0,top
R18,10k,R_0603_1608Metric_Pad0.98x0.95mm_HandSolder,176.1725,-91.44,180.0,top
R2,150 kR,R_0603_1608Metric_Pad0.98x0.95mm_HandSolder,134.62,-66.04,90.0,top
R3,0.2 R,R_2512_6332Metric_Pad1.40x3.35mm_HandSolder,116.84,-73.66,90.0,top
R4,0.2 R,R_2512_6332Metric_Pad1.40x3.35mm_HandSolder,124.46,-73.66,90.0,top
R5,0.2 R,R_2512_6332Metric_Pad1.40x3.35mm_HandSolder,131.89,-73.66,90.0,top
R6,10k,R_0603_1608Metric_Pad0.98x0.95mm_HandSolder,139.7,-66.04,90.0,top
R7,10k,R_0603_1608Metric_Pad0.98x0.95mm_HandSolder,144.78,-66.04,90.0,top
R8,10k,R_0603_1608Metric_Pad0.98x0.95mm_HandSolder,149.86,-66.04,90.0,top
R9,10k,R_0603_1608Metric_Pad0.98x0.95mm_HandSolder,129.54,-82.1925,90.0,top
S1,SS-12D11G3R,SS12D11G3R,172.2025,-78.74,-90.0,top
TP1,TestPoint,TestPoint_Bridge_Pitch2.0mm_Drill0.7mm,116.84,-87.9,90.0,top
TP2,TestPoint,TestPoint_Bridge_Pitch2.0mm_Drill0.7mm,116.84,-92.98,90.0,top
TP3,TestPoint,TestPoint_Bridge_Pitch2.0mm_Drill0.7mm,121.92,-92.98,90.0,top
TP4,TestPoint,TestPoint_Bridge_Pitch2.0mm_Drill0.7mm,127.0,-92.98,90.0,top
TP5,TestPoint,TestPoint_Bridge_Pitch2.0mm_Drill0.7mm,116.84,-98.06,90.0,top
TP6,TestPoint,TestPoint_Bridge_Pitch2.0mm_Drill0.7mm,121.92,-98.06,90.0,top
TP7,TestPoint,TestPoint_Bridge_Pitch2.0mm_Drill0.7mm,127.0,-98.06,90.0,top
U1,TPS22918DBVR,SOT95P280X145-6N,166.39,-97.47,180.0,top
U2,DRV8833PWP,SOP65P640X120-17N,155.52,-63.898,90.0,top
U3,TPS22918DBVR,SOT95P280X145-6N,166.39,-92.87,180.0,top
U4,DRV8833PWP,SOP65P640X120-17N,162.56,-63.898,90.0,top
