Comment,Designator,Footprint,LCSC,Quantity
2.2 uF,"C14,C5,C7",C_0402_1005Metric_Pad0.74x0.62mm_HandSolder,C12530,3
TPS22918DBVR,"U1,U3",SOT95P280X145-6N,C131941,2
10 uF,"C10,C13,C16,C6",C_1206_3216Metric_Pad1.33x1.80mm_HandSolder,C13585,4
100 nF,"C15,C9",C_0402_1005Metric_Pad0.74x0.62mm_HandSolder,C1525,2
DRV8833PWP,"U2,U4",SOP65P640X120-17N,C1556089,2
AP2127K-3.3TRG1,IC3,SOT95P282X145-5N,C156285,1
1 uF,"C1,C11,C12,C2,C4,C8",C_1206_3216Metric_Pad1.33x1.80mm_HandSolder,C1848,6
150 kR,R2,R_0603_1608Metric_Pad0.98x0.95mm_HandSolder,C22807,1
4.7 uF,C3,C_0402_1005Metric_Pad0.74x0.62mm_HandSolder,C23733,1
10k,"R1,R10,R11,R14,R15,R16,R17,R18,R6,R7,R8,R9",R_0603_1608Metric_Pad0.98x0.95mm_HandSolder,C25804,12
0.2 R,"R12,R13,R3,R4,R5",R_2512_6332Metric_Pad1.40x3.35mm_HandSolder,C4944115,5
TPS61240DRVR,IC2,SON65P200X200X80-7N,C59567,1
SS-12D11G3R,S1,SS12D11G3R,C843362,1
INA219AIDCNR,IC1,SOP65P280X145-8N,C87469,1
1 uH,L1,L_0603_1608Metric,C98326,1
TestPoint,TP7,TestPoint_Bridge_Pitch2.0mm_Drill0.7mm,,1
TestPoint,TP6,TestPoint_Bridge_Pitch2.0mm_Drill0.7mm,,1
TestPoint,TP5,TestPoint_Bridge_Pitch2.0mm_Drill0.7mm,,1
TestPoint,TP4,TestPoint_Bridge_Pitch2.0mm_Drill0.7mm,,1
TestPoint,TP3,TestPoint_Bridge_Pitch2.0mm_Drill0.7mm,,1
TestPoint,TP2,TestPoint_Bridge_Pitch2.0mm_Drill0.7mm,,1
TestPoint,TP1,TestPoint_Bridge_Pitch2.0mm_Drill0.7mm,,1
Conn_02x01,J2,JST_EH_S2B-EH_1x02_P2.50mm_Horizontal,,1
Conn_02x16_Odd_Even,J1,PinSocket_2x16_P2.54mm_Vertical,,1
